{"cameraMode":{"drawMode":0,"name":"Shaded","section":"Shading Mode"},"sceneLighting":true,"audioPlay":false,"sceneViewState":{"showFog":true,"showMaterialUpdate":false,"showSkybox":true,"showFlares":true,"showImageEffects":true,"showParticleSystems":true},"in2DMode":false,"pivot":{"x":0.32030487060546877,"y":1.241302490234375,"z":22.895906448364259},"rotation":{"x":-0.27663877606391909,"y":0.5335173010826111,"z":-0.1901114284992218,"w":-0.7763406038284302},"size":24.61471176147461,"orthographic":false}