{"cameraMode":{"drawMode":0,"name":"Shaded","section":"Shading Mode"},"sceneLighting":true,"audioPlay":false,"sceneViewState":{"showFog":true,"showMaterialUpdate":false,"showSkybox":true,"showFlares":true,"showImageEffects":true,"showParticleSystems":true},"in2DMode":false,"pivot":{"x":465.33636474609377,"y":214.2095489501953,"z":-36.5625},"rotation":{"x":-0.029461340978741647,"y":0.18779243528842927,"z":0.0056357909925282,"w":0.9817518591880798},"size":276.6670227050781,"orthographic":false}